<?xml version="1.0" encoding="UTF-8"?>
<project-private xmlns="http://www.netbeans.org/ns/project-private/1">
    <editor-bookmarks xmlns="http://www.netbeans.org/ns/editor-bookmarks/1"/>
    <open-files xmlns="http://www.netbeans.org/ns/projectui-open-files/1">
        <file>file:/C:/Users/pffung/Documents/NetBeansProjects/lec10FileExamples/src/DirectoryList.java</file>
        <file>file:/C:/Users/pffung/Documents/NetBeansProjects/lec10FileExamples/src/WebGrabber.java</file>
        <file>file:/C:/Users/pffung/Documents/NetBeansProjects/lec10FileExamples/src/BinaryFileBackup.java</file>
        <file>file:/C:/Users/pffung/Documents/NetBeansProjects/lec10FileExamples/src/Encryption.java</file>
        <file>file:/C:/Users/pffung/Documents/NetBeansProjects/lec10FileExamples/src/WriteBinaryFile.java</file>
        <file>file:/C:/Users/pffung/Documents/NetBeansProjects/lec10FileExamples/src/ReadBinaryFile.java</file>
        <file>file:/C:/Users/pffung/Documents/NetBeansProjects/lec10FileExamples/src/TextFileOutput.java</file>
        <file>file:/C:/Users/pffung/Documents/NetBeansProjects/lec10FileExamples/src/TextFileInput.java</file>
        <file>file:/C:/Users/pffung/Documents/NetBeansProjects/lec10FileExamples/src/TextDataFileReadWrite.java</file>
        <file>file:/C:/Users/pffung/Documents/NetBeansProjects/lec10FileExamples/src/ObjectReadWrite.java</file>
    </open-files>
</project-private>
